{"validation_loss": 0.5236148919378009, "training_loss": 0.4710776480761441, "_runtime": 56, "_timestamp": 1648437842, "_step": 0, "_wandb": {"runtime": 56}}