{"validation_loss": 0.5653671787253448, "training_loss": 0.6216640666659389, "_runtime": 54, "_timestamp": 1649217918, "_step": 0, "_wandb": {"runtime": 54}}