{"validation_loss": 0.5625823313991228, "training_loss": 0.48261337176613184, "_runtime": 200, "_timestamp": 1647874659, "_step": 9, "_wandb": {"runtime": 338}}