{"validation_loss": 0.37352494336664677, "training_loss": 0.3524802452208949, "_runtime": 1201, "_timestamp": 1649783271, "_step": 14, "_wandb": {"runtime": 1201}}