{"validation_loss": 0.26431347855499815, "training_loss": 0.23085393445058303, "_runtime": 517, "_timestamp": 1648481844, "_step": 14, "_wandb": {"runtime": 526}}