{"validation_loss": 0.7452045918806739, "training_loss": 0.5958553036818137, "_runtime": 43, "_timestamp": 1645493993, "_step": 0, "_wandb": {"runtime": 47}}