{"validation_loss": 0.5834744455558913, "training_loss": 0.6235579222972903, "_runtime": 53, "_timestamp": 1649215419, "_step": 0, "_wandb": {"runtime": 91}}