{"validation_loss": 0.57905146976312, "training_loss": 0.5204676480396934, "_runtime": 200, "_timestamp": 1647875266, "_step": 6, "_wandb": {"runtime": 216}}