{"validation_loss": 0.3794125957148416, "training_loss": 0.3643107120231663, "_runtime": 894, "_timestamp": 1649222398, "_step": 14, "_wandb": {"runtime": 894}}