{"validation_loss": 0.46664445021230244, "training_loss": 0.23423784602801878, "_runtime": 329, "_timestamp": 1645482427, "_step": 12, "_wandb": {"runtime": 353}}