{"validation_loss": 0.38112604157491164, "training_loss": 0.3798003408128664, "_runtime": 810, "_timestamp": 1648614048, "_step": 8}