{"validation_loss": 0.3457687277685512, "training_loss": 0.34107598682835666, "_runtime": 4181, "_timestamp": 1648617419, "_step": 44}