{"validation_loss": 0.20611744906221116, "training_loss": 0.2267460427500985, "_runtime": 208, "_timestamp": 1648565670, "_step": 2, "_wandb": {"runtime": 235}}