{"validation_loss": 0.3814920880577781, "training_loss": 0.37740794922176163, "_runtime": 1401, "_timestamp": 1648612331, "_step": 10, "_wandb": {"runtime": 1431}}