{"validation_loss": 0.4260987321967664, "training_loss": 0.18153345030169565, "_runtime": 956, "_timestamp": 1645483885, "_step": 39, "_wandb": {"runtime": 1006}}