{"validation_loss": 0.47713166049548555, "training_loss": 0.47719686139713635, "_runtime": 54, "_timestamp": 1648437619, "_step": 0, "_wandb": {"runtime": 55}}