{"validation_loss": 0.10785683084811483, "training_loss": 0.09411766691641374, "_runtime": 2971, "_timestamp": 1648276264, "_step": 89, "_wandb": {"runtime": 2968}}