{"validation_loss": 0.5966398332800184, "training_loss": 0.6069107436175857, "_runtime": 148, "_timestamp": 1649215926, "_step": 1}