{"validation_loss": 0.0344731639732014, "training_loss": 0.03698556060376375, "_runtime": 829, "_timestamp": 1648610402, "_step": 4, "_wandb": {"runtime": 845}}