{"validation_loss": 0.6735907464958074, "training_loss": 0.4795086657497705, "_runtime": 158, "_timestamp": 1647871043, "_step": 0, "_wandb": {"runtime": 295}}