{"validation_loss": 0.1543037838935852, "training_loss": 0.16409998047351837, "_runtime": 1153, "_timestamp": 1650658806, "_step": 14, "_wandb": {"runtime": 1152}}