{"validation_loss": 0.04133010682250772, "training_loss": 0.03698574243621393, "_runtime": 696, "_timestamp": 1648488245, "_step": 19, "_wandb": {"runtime": 725}}