{"validation_loss": 0.3430002603530884, "training_loss": 0.15894030582904817, "_runtime": 1152, "_timestamp": 1650659991, "_step": 14, "_wandb": {"runtime": 1153}}