{"validation_loss": 0.360987373162061, "training_loss": 0.35056977114256693, "_runtime": 1187, "_timestamp": 1649785727, "_step": 14, "_wandb": {"runtime": 1187}}