{"validation_loss": 0.12214665753500802, "training_loss": 0.1321270384571769, "_runtime": 406, "_timestamp": 1648607507, "_step": 3, "_wandb": {"runtime": 492}}