{"validation_loss": 0.35078350348132, "training_loss": 0.3555969135327773, "_runtime": 75, "_timestamp": 1648567432, "_step": 0, "_wandb": {"runtime": 99}}