{"validation_loss": 0.09180386790207454, "training_loss": 0.104041387276216, "_runtime": 655, "_timestamp": 1648609376, "_step": 4, "_wandb": {"runtime": 657}}