{"validation_loss": 0.44424983859062195, "training_loss": 0.4799051758121042, "_runtime": 294, "_timestamp": 1648047454, "_step": 9, "_wandb": {"runtime": 294}}