{"validation_loss": 0.6060326434671879, "training_loss": 0.6218218923147235, "_runtime": 52, "_timestamp": 1649215568, "_step": 0}