{"training_loss": [0.6023570415410366, 0.468800676720483, 0.4073519583095561, 0.35833922961911, 0.3296355808174217, 0.3088250801704087, 0.2836863753887323, 0.27394013250103366, 0.26472251555258103, 0.2600919863843656, 0.24908531698715555, 0.24590487913279743, 0.23932097995510468, 0.2379367715054816, 0.23229316167615272, 0.22567319129030783, 0.22419958402003562, 0.22204866874348986, 0.22175093257165218, 0.21463198910702716, 0.21426434061684452, 0.21027449798862358, 0.20712676218577794, 0.20503013012009663, 0.2017118259855024, 0.20246219428276624, 0.200842954361668, 0.19879169831727886, 0.20205615683980696, 0.20349971565243963, 0.19537171789004906, 0.19488789515754024, 0.19240643425875312, 0.18857431692163368, 0.18914769665634895, 0.19092621772990123, 0.18387901414554197, 0.1878109946028217, 0.18388947871114528, 0.18084909875396188], "_runtime": 932, "_timestamp": 1645470708, "_step": 1, "validation_loss": [0.5685939691636873, 0.6866256601136663, 0.6598348590018956, 0.5239692550638447, 0.4523863907417525, 1.166619106479313, 0.4651120311540106, 0.42928065440577007, 0.3824939467012882, 0.3796318997831448, 0.39073270186781883, 0.4015881681571836, 0.4145138688061548, 0.5011500282132108, 0.4476917079933312, 0.44915074174818787, 0.3685106157284716, 0.36182078670548357, 0.36054189810934273, 0.3955128113536731, 0.42369681531968323, 0.404397907950308, 0.37472469311045564, 0.42128706156559614, 0.49764580749299214, 0.39769188428054686, 0.4246600995893064, 0.3666465985386268, 0.4445852245325628, 0.3878156456934369, 0.37642538758075755, 0.47035261713292287, 0.37976423100284906, 0.37276461202165356, 0.38346346662096353, 0.4129957806157029, 0.41650513883518137, 0.381146178783282, 0.5281663880400036, 0.4408029570527699], "_wandb": {"runtime": 981}}