{"training_loss": 0.40099906806762403, "_runtime": 87, "_timestamp": 1645476807, "_step": 5, "validation_loss": 0.5472128255211789, "_wandb": {"runtime": 89}}