{"validation_loss": 0.37902695313096046, "training_loss": 0.3644215048963179, "_runtime": 719, "_timestamp": 1649220522, "_step": 14, "_wandb": {"runtime": 720}}