{"validation_loss": 0.6059950478374958, "training_loss": 0.3266710230837698, "_runtime": 1988, "_timestamp": 1647877433, "_step": 89, "_wandb": {"runtime": 1988}}