{"validation_loss": 0.2070469241142273, "training_loss": 0.15643829047679902, "_runtime": 1152, "_timestamp": 1650656433, "_step": 14, "_wandb": {"runtime": 1152}}