{"validation_loss": 0.005532107681834272, "training_loss": 0.003868636086752469, "_runtime": 2995, "_timestamp": 1648485850, "_step": 89, "_wandb": {"runtime": 2994}}