{"validation_loss": 0.5560005366802215, "training_loss": 0.6125827034314474, "_runtime": 303, "_timestamp": 1647900523, "_step": 9, "_wandb": {"runtime": 303}}