{"validation_loss": 0.648796482277768, "training_loss": 0.5491976587634001, "_runtime": 103, "_timestamp": 1649218252, "_step": 1, "_wandb": {"runtime": 121}}