{"validation_loss": 0.5567688196897507, "training_loss": 0.5804527878761292, "_runtime": 141, "_timestamp": 1648524707, "_step": 1, "_wandb": {"runtime": 158}}