{"validation_loss": 0.027187903012548174, "training_loss": 0.028432036529887805, "_runtime": 958, "_timestamp": 1648568473, "_step": 13, "_wandb": {"runtime": 1026}}