{"validation_loss": 1.710797437599727, "training_loss": 0.03887290846217762, "_runtime": 651, "_timestamp": 1648482552, "_step": 18, "_wandb": {"runtime": 675}}