{"validation_loss": 0.29377469207559315, "training_loss": 0.25732556039636784, "_runtime": 483, "_timestamp": 1648481284, "_step": 13, "_wandb": {"runtime": 486}}