{"validation_loss": 0.3549274899996817, "training_loss": 0.3528887983630685, "_runtime": 1204, "_timestamp": 1649784507, "_step": 14, "_wandb": {"runtime": 1204}}