{"validation_loss": 0.50386957185609, "training_loss": 0.5478597749363292, "_runtime": 90, "_timestamp": 1648477773, "_step": 1, "_wandb": {"runtime": 115}}