{"validation_loss": 0.5507015990779588, "training_loss": 0.3239643620653895, "_runtime": 278, "_timestamp": 1646418807, "_step": 1, "_wandb": {"runtime": 348}}