{"validation_loss": 0.0798071197101048, "training_loss": 0.10626114931973545, "_runtime": 649, "_timestamp": 1648600089, "_step": 4, "_wandb": {"runtime": 757}}