{"validation_loss": 0.9866403269767762, "training_loss": 0.21042816472053527, "_runtime": 549, "_timestamp": 1650649618, "_step": 6, "_wandb": {"runtime": 604}}