{"validation_loss": 0.4711234629154205, "training_loss": 0.49701596358243155, "_runtime": 294, "_timestamp": 1648048171, "_step": 9, "_wandb": {"runtime": 295}}