{"validation_loss": 0.048783570528030396, "training_loss": 0.04940367828715931, "_runtime": 2939, "_timestamp": 1648441030, "_step": 89, "_wandb": {"runtime": 2939}}