{"validation_loss": 0.08921501679079873, "training_loss": 0.0962194561958313, "_runtime": 479, "_timestamp": 1648608279, "_step": 4, "_wandb": {"runtime": 525}}