{"validation_loss": 0.3528771451674402, "training_loss": 0.3496703545252482, "_runtime": 1211, "_timestamp": 1649780802, "_step": 14, "_wandb": {"runtime": 1202}}