{"training_loss": 0.4793118800108249, "_runtime": 71, "_timestamp": 1645476984, "_step": 2, "validation_loss": 0.535269971774972, "_wandb": {"runtime": 74}}