{"validation_loss": 0.42098888426514, "training_loss": 0.4013236188408682, "_runtime": 375, "_timestamp": 1649779291, "_step": 4}