{"validation_loss": 0.0056098161900687655, "training_loss": 0.007026968517172935, "_runtime": 301, "_timestamp": 1650695816, "_step": 4, "_wandb": {"runtime": 318}}