{"validation_loss": 0.5630738171083587, "training_loss": 0.6079871634553585, "_runtime": 282, "_timestamp": 1649217414, "_step": 4, "_wandb": {"runtime": 282}}