{"validation_loss": 0.5286163881159666, "training_loss": 0.5960047564054901, "_runtime": 54, "_timestamp": 1649217788, "_step": 0, "_wandb": {"runtime": 55}}