{"validation_loss": 0.005391004022755423, "training_loss": 0.006210304465359793, "_runtime": 367, "_timestamp": 1650695337, "_step": 4, "_wandb": {"runtime": 379}}