{"validation_loss": 0.564741987735033, "training_loss": 0.6135306785415325, "_runtime": 56, "_timestamp": 1649216579, "_step": 0, "_wandb": {"runtime": 54}}