{"validation_loss": 0.10362805213247027, "training_loss": 0.10379641218618914, "_runtime": 495, "_timestamp": 1648603313, "_step": 4, "_wandb": {"runtime": 553}}