{"validation_loss": 0.43719221602963365, "training_loss": 0.2567954831807823, "_runtime": 400, "_timestamp": 1647871898, "_step": 9, "_wandb": {"runtime": 489}}