{"validation_loss": 0.1915711611509323, "training_loss": 0.17319130634560304, "_runtime": 876, "_timestamp": 1648272875, "_step": 89, "_wandb": {"runtime": 875}}