{"validation_loss": 0.5695055818983487, "training_loss": 0.6136651313198465, "_runtime": 54, "_timestamp": 1649215214, "_step": 0, "_wandb": {"runtime": 67}}