{"validation_loss": 0.09207563049960554, "training_loss": 0.0844548483820338, "_runtime": 4470, "_timestamp": 1646434715, "_step": 39, "_wandb": {"runtime": 4467}}