{"validation_loss": 0.372088289109327, "training_loss": 0.3697278740168628, "_runtime": 740, "_timestamp": 1649778780, "_step": 9, "_wandb": {"runtime": 758}}