{"validation_loss": 0.38879998666899546, "training_loss": 0.3994058847427368, "_runtime": 297, "_timestamp": 1648435195, "_step": 7, "_wandb": {"runtime": 307}}