{"validation_loss": 0.5384391646385193, "training_loss": 0.6697123118638992, "_runtime": 157, "_timestamp": 1650653991, "_step": 1, "_wandb": {"runtime": 161}}