{"validation_loss": 0.5954401153221465, "training_loss": 0.6174086965128188, "_runtime": 53, "_timestamp": 1649217716, "_step": 0, "_wandb": {"runtime": 53}}