{"validation_loss": 0.5811531320214272, "training_loss": 0.6267064176499844, "_runtime": 51, "_timestamp": 1649217986, "_step": 0, "_wandb": {"runtime": 51}}