{"validation_loss": 0.13138394217406, "training_loss": 0.11837046363136985, "_runtime": 7899, "_timestamp": 1648109390, "_step": 57}