{"validation_loss": 0.6710185146202212, "training_loss": 0.5938912729968081, "_runtime": 37, "_timestamp": 1647871360, "_step": 0, "_wandb": {"runtime": 62}}