{"validation_loss": 0.5542254594239322, "training_loss": 0.5990581837815976, "_runtime": 52, "_timestamp": 1649188878, "_step": 0, "_wandb": {"runtime": 68}}