{"validation_loss": 0.47817823886871336, "training_loss": 0.4661018042003407, "_runtime": 301, "_timestamp": 1648049142, "_step": 9, "_wandb": {"runtime": 300}}