{"validation_loss": 0.10606593904750687, "training_loss": 0.09928054362535477, "_runtime": 8307, "_timestamp": 1648238106, "_step": 89, "_wandb": {"runtime": 8308}}