{"validation_loss": 0.37432686878102167, "training_loss": 0.3690104538015186, "_runtime": 709, "_timestamp": 1649219049, "_step": 14, "_wandb": {"runtime": 709}}