{"validation_loss": 0.38158683299103324, "training_loss": 0.21375874965860134, "_runtime": 1367, "_timestamp": 1646426960, "_step": 10, "_wandb": {"runtime": 1438}}