{"validation_loss": 0.15043686485290528, "training_loss": 0.15470467066764831, "_runtime": 1154, "_timestamp": 1650655249, "_step": 14, "_wandb": {"runtime": 1154}}