{"validation_loss": [0.683971107006073, 0.353799432516098, 0.41194501519203186, 0.4538852274417877, 0.3426278531551361, 0.7009373903274536, 0.7451378107070923, 0.8285471200942993, 0.2538219094276428, 0.4890180230140686, 0.4671590328216553, 0.8209789991378784, 0.31579160690307617, 0.6436653733253479, 0.5211023688316345, 0.4400930106639862, 1.487161636352539, 0.3435826897621155, 0.8905954360961914, 0.48646658658981323, 0.4456206262111664, 0.8740413784980774, 1.113565444946289, 0.33561429381370544, 1.8131535053253174, 0.6041616797447205, 1.1786508560180664, 1.130168080329895, 1.1131492853164673, 0.32190361618995667, 0.6230266094207764, 0.4736393988132477, 0.600534200668335, 0.5277376770973206, 0.6657213568687439, 1.507034182548523, 0.5626652240753174, 0.6919862627983093, 0.5857591032981873, 0.37538498640060425, 0.49141526222229004, 0.9596531391143799, 0.6728944778442383, 0.716911792755127, 0.33991819620132446, 0.7007917165756226], "training_loss": [0.3001675605773926, 0.493432879447937, 0.416655033826828, 0.3642232120037079, 0.34950727224349976, 0.25926822423934937, 0.4094669818878174, 0.3725176751613617, 0.40049275755882263, 0.5919291973114014, 0.41043248772621155, 0.9789477586746216, 0.32579290866851807, 0.5073525905609131, 0.6095439195632935, 0.34511321783065796, 0.4675181806087494, 0.38251182436943054, 0.39455318450927734, 0.3111760914325714, 0.32454240322113037, 0.3000730872154236, 0.3564477264881134, 0.32128575444221497, 0.29583099484443665, 0.2733208239078522, 0.3119937479496002, 0.47624799609184265, 0.3411833345890045, 0.3314768671989441, 0.365298330783844, 0.338561087846756, 0.2191690355539322, 0.40318891406059265, 0.3038185238838196, 0.36226460337638855, 0.45504459738731384, 0.3884495198726654, 0.30899783968925476, 0.4986919164657593, 0.2824402451515198, 0.295822411775589, 0.2709013521671295, 0.4682828187942505, 0.38711151480674744, 1.6203274726867676, 0.35415828227996826, 0.4021996855735779, 0.30514198541641235, 0.3991149365901947, 0.2433643639087677, 1.4989430904388428, 0.26162734627723694, 0.2905709445476532, 0.3166860342025757, 0.2354138344526291, 0.2605731785297394, 0.30537500977516174, 0.22010038793087006, 0.46742013096809387, 0.4490935206413269, 0.25142547488212585, 0.3746967017650604, 0.353002667427063, 0.5382475852966309, 0.2536202073097229, 0.25333595275878906, 0.3007920980453491, 0.497597336769104, 0.28005093336105347, 0.42550885677337646, 0.39601996541023254, 0.9664111733436584, 0.8950641751289368, 0.45305290818214417, 0.4442673623561859, 0.6794255971908569, 0.341581791639328, 1.563649296760559, 0.42378947138786316, 0.3155072331428528, 0.39122313261032104, 0.47687771916389465, 0.24703118205070496, 0.3441406488418579, 0.3438425064086914, 0.22036577761173248, 0.44114720821380615, 0.5348030924797058, 0.400422602891922, 0.3740682601928711, 0.2696225047111511, 0.464163601398468, 0.29436010122299194, 0.39386701583862305, 0.3345109224319458, 0.41861045360565186, 0.3435937762260437, 0.3402264416217804, 0.5489459037780762, 0.562204897403717, 0.350375235080719, 0.23975802958011627, 0.35548532009124756, 0.3285638988018036, 0.30127131938934326, 0.23654823005199432, 0.31390857696533203, 0.426485538482666, 0.38834553956985474, 0.5745589733123779, 0.3098776638507843, 0.4674700200557709, 0.276159405708313, 0.28048262000083923, 0.85024493932724, 0.4022396504878998, 0.3406078517436981, 0.4404873549938202, 0.24186325073242188, 0.2762201130390167, 0.24240168929100037, 0.2710960805416107, 0.3339519798755646, 0.35074347257614136, 0.16962802410125732, 0.31461000442504883, 0.34421002864837646, 0.29179081320762634, 0.3078027069568634, 0.2651170790195465, 0.3680151700973511, 1.6780697107315063, 1.611839771270752, 0.32068175077438354, 0.4066266119480133, 0.41079825162887573, 0.40412455797195435, 0.40453973412513733, 0.19788044691085815, 0.3334447145462036, 0.32230716943740845, 0.2874357998371124, 0.23958738148212433, 0.37585878372192383, 0.3243144452571869, 0.26869437098503113, 0.2730076313018799, 0.585270345211029, 0.3938043415546417, 0.25866660475730896, 0.32792648673057556, 0.21313531696796417, 0.41659215092658997, 0.3716382086277008, 0.21308568120002747, 0.27412673830986023, 0.24442097544670105, 0.3656633794307709, 0.18682953715324402, 0.23709222674369812, 0.2593825161457062, 0.24838556349277496, 0.33632856607437134, 0.2860907316207886, 0.317603200674057, 1.6956136226654053, 1.601997971534729, 0.24081788957118988, 0.5244881510734558, 0.3727700412273407, 0.3142108917236328, 0.284292995929718, 0.5004745125770569, 0.20494593679904938, 0.18629278242588043, 1.148608684539795, 0.3988956809043884, 0.3724305033683777, 0.2917206287384033, 0.7454183101654053, 0.4021296799182892], "_runtime": 92, "_timestamp": 1645482879, "_step": 2, "_wandb": {"runtime": 96}}