{"validation_loss": 0.6221110631119121, "training_loss": 0.6197295574420089, "_runtime": 50, "_timestamp": 1649188668, "_step": 0, "_wandb": {"runtime": 67}}