{"validation_loss": 0.14881879281997681, "training_loss": 0.15620261681079864, "_runtime": 1153, "_timestamp": 1650657619, "_step": 14, "_wandb": {"runtime": 1153}}