{"validation_loss": 0.10971018565552575, "training_loss": 0.1132923580028794, "_runtime": 2902, "_timestamp": 1648101307, "_step": 26, "_wandb": {"runtime": 2974}}