{"training_loss": 0.4593590144272689, "_runtime": 77, "_timestamp": 1645481617, "_step": 3, "validation_loss": 0.5020244179860406, "_wandb": {"runtime": 78}}