{"validation_loss": 0.4333714342543057, "training_loss": 0.36916192905469375, "_runtime": 2422, "_timestamp": 1648527183, "_step": 35}