{"validation_loss": 0.3756531540836607, "training_loss": 0.37388648661700163, "_runtime": 258, "_timestamp": 1648477376, "_step": 6, "_wandb": {"runtime": 266}}