{"validation_loss": 0.5381877611983906, "training_loss": 0.5391611484212613, "_runtime": 94, "_timestamp": 1649189075, "_step": 1, "_wandb": {"runtime": 101}}