{"validation_loss": 0.0786922425031662, "training_loss": 0.07609899314967068, "_runtime": 944, "_timestamp": 1648566918, "_step": 13, "_wandb": {"runtime": 1011}}