{"validation_loss": 0.35132238268852234, "training_loss": 0.34429817339953256, "_runtime": 923, "_timestamp": 1648051132, "_step": 29, "_wandb": {"runtime": 923}}