{"validation_loss": 0.4196966588497162, "training_loss": 0.35203463380986993, "_runtime": 3082, "_timestamp": 1648530764, "_step": 89, "_wandb": {"runtime": 3081}}