{"validation_loss": 0.37279001091207775, "training_loss": 0.36758736110054324, "_runtime": 718, "_timestamp": 1649219785, "_step": 14, "_wandb": {"runtime": 717}}