{"validation_loss": 0.368215977613415, "training_loss": 0.36737984485690367, "_runtime": 941, "_timestamp": 1649221483, "_step": 14, "_wandb": {"runtime": 942}}