{"validation_loss": 0.3556430088356137, "training_loss": 0.35105667394750256, "_runtime": 1202, "_timestamp": 1649782037, "_step": 14, "_wandb": {"runtime": 1200}}