{"validation_loss": 0.06396150801862989, "training_loss": 0.06687459728934549, "_runtime": 934, "_timestamp": 1648533237, "_step": 13, "_wandb": {"runtime": 1000}}